{"cameraMode":{"drawMode":0,"name":"Shaded","section":"Shading Mode"},"sceneLighting":true,"audioPlay":false,"sceneViewState":{"showFog":false,"showMaterialUpdate":false,"showSkybox":false,"showFlares":false,"showImageEffects":false,"showParticleSystems":false},"in2DMode":false,"pivot":{"x":-1.3525362014770508,"y":0.13492250442504884,"z":1.6077890396118165},"rotation":{"x":-0.06303296238183975,"y":0.0858175978064537,"z":-0.005440422333776951,"w":-0.9943000674247742},"size":10.0,"orthographic":true}