{"cameraMode":{"drawMode":0,"name":"Shaded","section":"Shading Mode"},"sceneLighting":true,"audioPlay":false,"sceneViewState":{"showFog":true,"showMaterialUpdate":false,"showSkybox":true,"showFlares":true,"showImageEffects":true,"showParticleSystems":true},"in2DMode":false,"pivot":{"x":94.82023620605469,"y":-23.485294342041017,"z":-13.052595138549805},"rotation":{"x":-0.03374737873673439,"y":0.9412444829940796,"z":-0.3211492598056793,"w":-0.09890967607498169},"size":272.5985107421875,"orthographic":false}