{"cameraMode":{"drawMode":0,"name":"Shaded","section":"Shading Mode"},"sceneLighting":false,"audioPlay":false,"sceneViewState":{"showFog":true,"showMaterialUpdate":false,"showSkybox":true,"showFlares":true,"showImageEffects":true,"showParticleSystems":true},"in2DMode":false,"pivot":{"x":4.466437339782715,"y":0.6311225891113281,"z":-13.272663116455079},"rotation":{"x":-0.007738940883427858,"y":0.9870011210441589,"z":-0.1525144726037979,"w":-0.05008324980735779},"size":2.8578836917877199,"orthographic":false}